"ID","PHISH_URL","ADDITIONAL_INFO"
"8550621","http://login.live.com.office.autooffc29536.euprodauto4.myshn.eu/jsDisa...","added on Apr 25th 2024 1:01 AM by cleanmx INVALID Offline"
"8535110","https://releases.jquery.com/","added on Apr 13th 2024 1:57 PM by verifrom INVALID Offline"
"8535109","https://code.jquery.com/","added on Apr 13th 2024 1:57 PM by verifrom INVALID Offline"
"8533875","https://app.ether.fi/blocked","added on Apr 12th 2024 3:27 PM by Felix0101 INVALID Offline"
"8530207","https://fonts.googleapis.com/css2?family=Open+Sans:wght@400;700&di...","added on Apr 10th 2024 8:25 AM by tchatzi INVALID Offline"
"8529188","https://urlscan.io/result/31a21a49-f77d-406d-a276-15182bf465aa/...","added on Apr 9th 2024 8:09 PM by lhernandez INVALID Offline"
"8518134","https://buff.163.com/news/?news_game=dota2&source_caller=ui&shortlink=...","added on Apr 3rd 2024 2:40 AM by Felix0101 INVALID Offline"
"8511079","https://login.microsoftonline.com/638fcbaf-ba4c-43e1-adae-5475c970fe10...","added on Mar 30th 2024 7:03 PM by cleanmx INVALID Offline"
"8511077","https://login.microsoftonline.com/638fcbaf-ba4c-43e1-adae-5475c970fe10...","added on Mar 30th 2024 7:03 PM by cleanmx INVALID Offline"
"8511075","https://login.microsoftonline.com/638fcbaf-ba4c-43e1-adae-5475c970fe10...","added on Mar 30th 2024 7:03 PM by cleanmx INVALID Offline"
"8511073","https://login.microsoftonline.com/638fcbaf-ba4c-43e1-adae-5475c970fe10...","added on Mar 30th 2024 7:02 PM by cleanmx INVALID Offline"
"8477507","https://efty.com/d/2zfr2/NeonClaims.com/","added on Mar 5th 2024 6:10 PM by tuanphuong INVALID Offline"
"8474614","https://service-noreply.info/e15b2d6da7060e83a73dcd03c7c5743b198df117...","added on Mar 3rd 2024 6:03 AM by cleanmx INVALID Offline"
"8474612","https://service-noreply.info/aa257fefcd731e1b11ed903462ec964f574ad019...","added on Mar 3rd 2024 6:03 AM by cleanmx INVALID Offline"
"8474610","https://service-noreply.info/0d2618776462b9c0b3591527de4e09eff0f36d7e...","added on Mar 3rd 2024 6:03 AM by cleanmx INVALID Offline"
"8473886","https://www.yahoo.com/?&sid=74508","added on Mar 2nd 2024 6:01 PM by cleanmx INVALID Offline"
"8473885","https://www.yahoo.com/?err=404&err_url=https://www.yahoo.com/lifes...","added on Mar 2nd 2024 6:01 PM by cleanmx INVALID Offline"
"8473884","https://www.yahoo.com/?err=404&err_url=https://search.yahoo.com/pp...","added on Mar 2nd 2024 6:01 PM by cleanmx INVALID Offline"
"8473883","https://www.yahoo.com/?err=404&err_url=https://search.yahoo.com/-H...","added on Mar 2nd 2024 6:01 PM by cleanmx INVALID Offline"
"8473882","https://www.yahoo.com/?err=404&err_url=https://search.yahoo.com/bT...","added on Mar 2nd 2024 6:01 PM by cleanmx INVALID Offline"
"8473881","https://www.yahoo.com/?err=404&err_url=https://finance.yahoo.com/)...","added on Mar 2nd 2024 6:01 PM by cleanmx INVALID Offline"
"8473880","https://www.yahoo.com/?err=404&err_url=https://finance.yahoo.com/n...","added on Mar 2nd 2024 6:01 PM by cleanmx INVALID Offline"
"8473696","https://steamcommunity.com/login/home/?msg=loginfirst&goto=%2Fuser%2Fh...","added on Mar 2nd 2024 2:02 PM by cleanmx INVALID Offline"
"8473693","https://steamcommunity.com/login/home/?msg=loginfirst&goto=%2Fuser%2Fh...","added on Mar 2nd 2024 2:02 PM by cleanmx INVALID Offline"
"8473691","https://steamcommunity.com/login/home/?msg=loginfirst&goto=%2Fuser%2Fh...","added on Mar 2nd 2024 2:02 PM by cleanmx INVALID Offline"
"8473688","https://steamcommunity.com/login/home/?msg=loginfirst&goto=%2Fuser%2Fg...","added on Mar 2nd 2024 2:02 PM by cleanmx INVALID Offline"
"8473686","https://steamcommunity.com/login/home/?msg=loginfirst&goto=%2Fuser%2Fg...","added on Mar 2nd 2024 2:02 PM by cleanmx INVALID Offline"
"8473683","https://steamcommunity.com/login/home/?msg=loginfirst&goto=%2Fuser%2Ff...","added on Mar 2nd 2024 2:02 PM by cleanmx INVALID Offline"
"8473678","https://steamcommunity.com/login/home/?msg=loginfirst&goto=%2Fuser%2Ff...","added on Mar 2nd 2024 2:02 PM by cleanmx INVALID Offline"
"8473675","https://steamcommunity.com/login/home/?msg=loginfirst&goto=%2Fuser%2Ff...","added on Mar 2nd 2024 2:02 PM by cleanmx INVALID Offline"
"8470802","https://www.appgate.com","added on Feb 29th 2024 3:20 PM by dms INVALID Offline"
"8470275","https://www.bancoprovincia.bancainternet.com.ar/spa/...","added on Feb 28th 2024 8:33 PM by soclatam INVALID Offline"
"8468873","https://eegsa.pago.ai/","added on Feb 27th 2024 6:13 PM by lhernandez INVALID Offline"
"8468195","https://mbank.ehub.sk/","added on Feb 27th 2024 7:40 AM by NIRT INVALID Offline"
"8466065","https://arcus-www.amazon.com.br/","added on Feb 25th 2024 2:00 AM by cleanmx INVALID Offline"
"8466060","https://eu1.salesforce.com/","added on Feb 25th 2024 2:00 AM by cleanmx INVALID Offline"
"8466059","http://eu1.salesforce.com/","added on Feb 25th 2024 2:00 AM by cleanmx INVALID Offline"
"8466004","http://edgedl.me.gvt1.com/","added on Feb 25th 2024 1:00 AM by cleanmx INVALID Offline"
"8465751","https://www.sharefile.com/","added on Feb 24th 2024 3:00 PM by cleanmx INVALID Offline"
"8464107","https://gmo-aozora.com/","added on Feb 23rd 2024 6:51 AM by kubotaa INVALID Offline"
"8462314","https://account.live.com.office.urgo-prod1.laboratoiresurgo.myshn.eu/e...","added on Feb 21st 2024 9:02 PM by cleanmx INVALID Offline"
"8462313","http://account.live.com.office.urgo-prod1.laboratoiresurgo.myshn.eu/Ch...","added on Feb 21st 2024 9:02 PM by cleanmx INVALID Offline"
"8462312","https://account.live.com.office.urgo-prod1.laboratoiresurgo.myshn.eu/e...","added on Feb 21st 2024 9:02 PM by cleanmx INVALID Offline"
"8462311","http://account.live.com.office.urgo-prod1.laboratoiresurgo.myshn.eu/Ch...","added on Feb 21st 2024 9:02 PM by cleanmx INVALID Offline"
"8462310","https://account.live.com.office.urgo-prod1.laboratoiresurgo.myshn.eu/e...","added on Feb 21st 2024 9:02 PM by cleanmx INVALID Offline"
"8462309","http://account.live.com.office.urgo-prod1.laboratoiresurgo.myshn.eu/Ch...","added on Feb 21st 2024 9:02 PM by cleanmx INVALID Offline"
"8462308","https://account.live.com.office.urgo-prod1.laboratoiresurgo.myshn.eu/e...","added on Feb 21st 2024 9:01 PM by cleanmx INVALID Offline"
"8462307","http://account.live.com.office.urgo-prod1.laboratoiresurgo.myshn.eu/Ch...","added on Feb 21st 2024 9:01 PM by cleanmx INVALID Offline"
"8449559","https://www.mavia.com/","added on Feb 12th 2024 4:22 AM by Felix0101 INVALID Offline"
"8436381","https://credinetweb.bcp.com.bo/#/login","added on Jan 31st 2024 3:43 PM by voldemor INVALID Offline"
"8434045","https://login.live.com.office.ausunitypreprod.australianunity1.myshn.n...","added on Jan 30th 2024 9:03 AM by cleanmx INVALID Offline"
"8434044","https://login.live.com.office.ausunitypreprod.australianunity1.myshn.n...","added on Jan 30th 2024 9:03 AM by cleanmx INVALID Offline"
"8434042","http://login.live.com.office.urgo-prod1.laboratoiresurgo.myshn.eu/logi...","added on Jan 30th 2024 9:03 AM by cleanmx INVALID Offline"
"8434041","http://login.live.com.office.urgo-prod1.laboratoiresurgo.myshn.eu/logi...","added on Jan 30th 2024 9:03 AM by cleanmx INVALID Offline"
"8433471","https://www.rakuten.co.jp/sitemap/sp/app.html","added on Jan 29th 2024 8:51 PM by buaya INVALID Offline"
"8431666","http://www-test.mybrt.it","added on Jan 28th 2024 8:08 AM by D3Lab INVALID Offline"
"8424658","https://www.hopp.bio/opennewmessg","added on Jan 23rd 2024 5:43 PM by verifrom INVALID Offline"
"8421653","https://login.live.com.office.urgo-prod1.laboratoiresurgo.myshn.eu/oau...","added on Jan 15th 2024 1:07 AM by cleanmx INVALID Offline"
"8421652","https://login.live.com.office.urgo-prod1.laboratoiresurgo.myshn.eu/oau...","added on Jan 15th 2024 1:07 AM by cleanmx INVALID Offline"
"8421651","https://login.live.com.office.urgo-prod1.laboratoiresurgo.myshn.eu/Me....","added on Jan 15th 2024 1:07 AM by cleanmx INVALID Offline"
"8421650","https://login.live.com.office.urgo-prod1.laboratoiresurgo.myshn.eu/Me....","added on Jan 15th 2024 1:07 AM by cleanmx INVALID Offline"
"8421649","https://login.live.com.office.urgo-prod1.laboratoiresurgo.myshn.eu/log...","added on Jan 15th 2024 1:07 AM by cleanmx INVALID Offline"
"8421648","https://login.live.com.office.urgo-prod1.laboratoiresurgo.myshn.eu/log...","added on Jan 15th 2024 1:07 AM by cleanmx INVALID Offline"
"8421647","https://login.live.com.office.urgo-prod1.laboratoiresurgo.myshn.eu/log...","added on Jan 15th 2024 1:07 AM by cleanmx INVALID Offline"
"8421646","https://login.live.com.office.urgo-prod1.laboratoiresurgo.myshn.eu/log...","added on Jan 15th 2024 1:07 AM by cleanmx INVALID Offline"
"8421645","https://login.live.com.office.urgo-prod1.laboratoiresurgo.myshn.eu/jsD...","added on Jan 15th 2024 1:07 AM by cleanmx INVALID Offline"
"8421644","https://login.live.com.office.urgo-prod1.laboratoiresurgo.myshn.eu/jsD...","added on Jan 15th 2024 1:07 AM by cleanmx INVALID Offline"
"8421631","https://login.live.com.office.nino-enterprise.ninoent.myshn.net/Me.htm...","added on Jan 15th 2024 1:06 AM by cleanmx INVALID Offline"
"8421630","https://login.live.com.office.nino-enterprise.ninoent.myshn.net/login....","added on Jan 15th 2024 1:06 AM by cleanmx INVALID Offline"
"8421629","https://login.live.com.office.nino-enterprise.ninoent.myshn.net/login....","added on Jan 15th 2024 1:06 AM by cleanmx INVALID Offline"
"8421628","https://login.live.com.office.nino-enterprise.ninoent.myshn.net/jsDisa...","added on Jan 15th 2024 1:06 AM by cleanmx INVALID Offline"
"8419606","https://login.live.com.office.default.andreas.myshn.eu/jsDisabled.srf?...","added on Jan 13th 2024 12:01 AM by cleanmx INVALID Offline"
"8419605","https://login.live.com.office.autooffc29536.euprodauto4.myshn.eu/oauth...","added on Jan 13th 2024 12:01 AM by cleanmx INVALID Offline"
"8419604","https://login.live.com.office.autooffc29536.euprodauto4.myshn.eu/oauth...","added on Jan 13th 2024 12:01 AM by cleanmx INVALID Offline"
"8419603","https://login.live.com.office.ausunitypreprod.australianunity1.myshn.n...","added on Jan 13th 2024 12:01 AM by cleanmx INVALID Offline"
"8419602","https://login.live.com.office.ausunitypreprod.australianunity1.myshn.n...","added on Jan 13th 2024 12:01 AM by cleanmx INVALID Offline"
"8419601","https://login.live.com.office.ausunitypreprod.australianunity1.myshn.n...","added on Jan 13th 2024 12:01 AM by cleanmx INVALID Offline"
"8419600","https://login.live.com.office.ausunitypreprod.australianunity1.myshn.n...","added on Jan 13th 2024 12:01 AM by cleanmx INVALID Offline"
"8418092","https://sso.secureserver.net/?plid=3153&prog_id=3153&realm=idp&path=%2...","added on Jan 11th 2024 5:54 PM by drcannabis INVALID Offline"
"8418091","https://host.secureserver.net","added on Jan 11th 2024 5:54 PM by drcannabis INVALID Offline"
"8414665","https://login.microsoftonline.com.office.nino-enterprise.ninoent.myshn...","added on Jan 9th 2024 4:03 AM by cleanmx INVALID Offline"
"8414664","https://login.microsoftonline.com.office.nino-enterprise.ninoent.myshn...","added on Jan 9th 2024 4:03 AM by cleanmx INVALID Offline"
"8411627","https://anixart-anime-in-your-pocket.softonic.ru/android...","added on Jan 5th 2024 7:19 PM by Felix0101 INVALID Offline"
"8407142","https://login.microsoftonline.com.office.urgo-prod1.laboratoiresurgo.m...","added on Dec 30th 2023 7:03 AM by cleanmx INVALID Offline"
"8407141","http://login.microsoftonline.com.office.urgo-prod1.laboratoiresurgo.my...","added on Dec 30th 2023 7:03 AM by cleanmx INVALID Offline"
"8407140","https://login.microsoftonline.com.office.urgo-prod1.laboratoiresurgo.m...","added on Dec 30th 2023 7:03 AM by cleanmx INVALID Offline"
"8407139","http://login.microsoftonline.com.office.urgo-prod1.laboratoiresurgo.my...","added on Dec 30th 2023 7:03 AM by cleanmx INVALID Offline"
"8407138","https://login.microsoftonline.com.office.urgo-prod1.laboratoiresurgo.m...","added on Dec 30th 2023 7:03 AM by cleanmx INVALID Offline"
"8407137","http://login.microsoftonline.com.office.urgo-prod1.laboratoiresurgo.my...","added on Dec 30th 2023 7:03 AM by cleanmx INVALID Offline"
"8407136","https://login.microsoftonline.com.office.urgo-prod1.laboratoiresurgo.m...","added on Dec 30th 2023 7:03 AM by cleanmx INVALID Offline"
"8407135","http://login.microsoftonline.com.office.urgo-prod1.laboratoiresurgo.my...","added on Dec 30th 2023 7:03 AM by cleanmx INVALID Offline"
"8407134","http://login.live.com.office.o365-and-onedrive.minesuperdev.myshn.net/...","added on Dec 30th 2023 7:03 AM by cleanmx INVALID Offline"
"8404452","https://tarjetasbanrural.com/?utm_campaign=Pagos%20Programados%202023%...","added on Dec 27th 2023 2:37 PM by lhernandez INVALID Offline"
"8404451","https://tarjetasbanrural.com/?utm_campaign=Pagos%20Programados%202023%...","added on Dec 27th 2023 2:37 PM by lhernandez INVALID Offline"
"8403134","https://login.live.com.office.indospace-adfs-o365.indospace.myshn.net/...","added on Dec 26th 2023 2:01 PM by cleanmx INVALID Offline"
"8402675","http://login.live.com.office.o365-and-onedrive.minesuperdev.myshn.net/...","added on Dec 26th 2023 5:02 AM by cleanmx INVALID Offline"
"8402674","http://login.live.com.office.o365-and-onedrive.minesuperdev.myshn.net/...","added on Dec 26th 2023 5:02 AM by cleanmx INVALID Offline"
"8401942","https://login.live.com.office.autooffc29536.euprodauto4.myshn.eu/oauth...","added on Dec 25th 2023 7:02 AM by cleanmx INVALID Offline"
"8401381","https://traderjoexyz.com","added on Dec 23rd 2023 7:06 PM by Felix0101 INVALID Offline"
"8399422","https://ground.news/article/ai-image-generators-are-being-trained-on-e...","added on Dec 21st 2023 6:49 AM by Felix0101 INVALID Offline"
"8397164","https://login.live.com.office.office-365.barikatguvenligi.myshn.net/oa...","added on Dec 18th 2023 6:01 PM by cleanmx INVALID Offline"
"8394876","https://login.live.com.office.maifoffice365prod.maif.myshn.eu/oauth20_...","added on Dec 15th 2023 3:02 PM by cleanmx INVALID Offline"
"8394873","https://login.live.com.office.autooffc29536.euprodauto4.myshn.eu/oauth...","added on Dec 15th 2023 3:02 PM by cleanmx INVALID Offline"
"8394872","https://login.live.com.office.autooffc29536.euprodauto4.myshn.eu/Me.ht...","added on Dec 15th 2023 3:01 PM by cleanmx INVALID Offline"
"8394871","https://login.live.com.office.autooffc29536.euprodauto4.myshn.eu/Me.ht...","added on Dec 15th 2023 3:01 PM by cleanmx INVALID Offline"
"8394870","https://login.live.com.office.autooffc29536.euprodauto4.myshn.eu/login...","added on Dec 15th 2023 3:01 PM by cleanmx INVALID Offline"
"8394868","https://login.live.com.office.autooffc29536.euprodauto4.myshn.eu/login...","added on Dec 15th 2023 3:01 PM by cleanmx INVALID Offline"
"8393174","https://getin.lynka.pl/konto-uzytkownika/login.html...","added on Dec 15th 2023 7:47 AM by NIRT INVALID Offline"
"8384829","http://sicoob.com.br.admin-mcas-df.ms/cartao-sicoobcard-visa-platinum/...","added on Dec 6th 2023 12:31 PM by GreysonDerrick INVALID Offline"
"8384827","http://sicoob.com.br.admin-mcas-df.ms","added on Dec 6th 2023 12:31 PM by GreysonDerrick INVALID Offline"
"8384824","http://sicoob.com.br.admin-mcas-df.ms/acesso/loginDocument.php...","added on Dec 6th 2023 12:31 PM by KellanMaxwell INVALID Offline"
"8384817","http://sicoob.com.br.admin-mcas-df.ms/softexpert/login...","added on Dec 6th 2023 12:30 PM by GreysonDerrick INVALID Offline"
"8384802","http://sicoob.com.br.admin-mcas-df.ms/hash=AAA3493898439939SFKW399394/...","added on Dec 6th 2023 12:29 PM by IsmaelParkes INVALID Offline"
"8384788","http://sicoob.com.br.admin-mcas-df.ms/sicoobnortepr/servicos/simulacao...","added on Dec 6th 2023 12:25 PM by MacaulyDorsey INVALID Offline"
"8382743","https://explore.avertium.com/resource/an-in-depth-look-at-russian-thre...","added on Dec 3rd 2023 11:38 PM by Felix0101 INVALID Offline"
"8382742","https://rootsec.nl/dossier-killnet/","added on Dec 3rd 2023 11:38 PM by Felix0101 INVALID Offline"
"8382741","https://socradar.io/killnet-announces-launch-of-a-new-ddos-service/...","added on Dec 3rd 2023 11:27 PM by Felix0101 INVALID Offline"
"8380612","https://www.engadget.com/self-proclaimed-gay-furry-hackers-breach-nucl...","added on Dec 1st 2023 3:22 PM by Felix0101 INVALID Offline"
"8380230","https://www.mimecast.com/lfs-and-sm-privacy-statement/...","added on Dec 1st 2023 10:56 AM by laerm INVALID Offline"
"8378880","https://www.bing.com/aclick?ld=e8o1n1GyKGlaA7SIdDn_MPFjVUCUzzx9sAUVQhu...","added on Nov 29th 2023 9:33 PM by PhishVerifier INVALID Offline"
"8376057","https://www.hamas.com/","added on Nov 27th 2023 10:26 AM by xinomilo INVALID Offline"
"8375402","https://secure.ficohsa.com/","added on Nov 26th 2023 9:13 AM by dms INVALID Offline"
"8373290","http://213.253.215.149","added on Nov 23rd 2023 10:20 AM by BBFMO2020 INVALID Offline"
"8365218","https://secured.cloudsurveillance.net/89c103b3-7de2-4823-8c05-5c63607c...","added on Nov 15th 2023 12:56 PM by verifrom INVALID Offline"
"8365217","https://service-noreply.info/056eafe3bf115c537709844c57705107cf504b7f...","added on Nov 15th 2023 12:56 PM by verifrom INVALID Offline"
"8365056","https://www.xnxx.com/video-15bsgt3a/raya_nguyen_rudely_awaken_when_str...","added on Nov 15th 2023 8:48 AM by bbfmo2019 INVALID Offline"
"8365055","https://www.xnxx.com/video-15bsgt3a/raya_nguyen_rudely_awaken_wh......","added on Nov 15th 2023 8:48 AM by bbfmo2019 INVALID Offline"
"8363932","https://essenceofbuddhism.wordpress.com/2016/04/19/what-the-finger-poi...","added on Nov 14th 2023 12:33 PM by Felix0101 INVALID Offline"
"8362557","https://www.mcafee.com/","added on Nov 13th 2023 11:22 PM by agent47 INVALID Offline"
"8360641","https://app.gala.games","added on Nov 11th 2023 6:15 AM by Felix0101 INVALID Offline"
"8360314","https://nationalpost.com/news/canada/imam-who-led-montrealers-in-praye...","added on Nov 11th 2023 2:59 AM by Felix0101 INVALID Offline"
"8357503","https://www.mizuhobank.co.jp/index.html","added on Nov 8th 2023 7:43 AM by dms INVALID Offline"
"8357502","https://www.mizuhobank.co.jp/","added on Nov 8th 2023 7:43 AM by dms INVALID Offline"
"8354459","https://cs.money/privacy?shortlink=1nken90p&onboarding_creation_ts=169...","added on Nov 5th 2023 7:12 PM by Felix0101 INVALID Offline"
"8354455","https://www.ovh.com/abuse/","added on Nov 5th 2023 7:07 PM by Felix0101 INVALID Offline"
"8354454","https://www.ovh.com/abuse","added on Nov 5th 2023 7:07 PM by Felix0101 INVALID Offline"
"8354018","https://mindlikethesky.com/2018/04/02/ten-thousand-flowers-in-spring/...","added on Nov 4th 2023 7:30 PM by Felix0101 INVALID Offline"
"8345512","https://www.cbsnews.com/amp/news/israel-hamas-war-white-phosphorous-ga...","added on Oct 27th 2023 1:34 AM by Felix0101 INVALID Offline"
"8341117","https://t.co/","added on Oct 23rd 2023 4:45 PM by prodigyabuse INVALID Offline"
"8337524","https://go.przelewy24.pl/trnRequest/F6AB0673A7-912D0A-CF5E7A-10D1756E1...","added on Oct 19th 2023 9:30 PM by NIRT INVALID Offline"
"8337523","https://secure.pep.pl/p24/status,52319280,bf2a27de15ad533c2d4065b1f657...","added on Oct 19th 2023 9:30 PM by NIRT INVALID Offline"
"8336823","https://www.jmcacademy.edu.au/","added on Oct 19th 2023 6:04 AM by Felix0101 INVALID Offline"
"8336822","https://pages.jmcacademy.edu.au/Intake/Game-Design...","added on Oct 19th 2023 6:04 AM by Felix0101 INVALID Offline"
"8335520","https://213.253.215.149/g0Kz","added on Oct 18th 2023 1:37 PM by BBFMO2020 INVALID Offline"
"8335351","https://www.hopp.bio/andrr-kuntz","added on Oct 18th 2023 10:44 AM by verifrom INVALID Offline"
"8334223","https://sitereview.symantec.com/#/lookup-result/https%253A%252F%252Fvi...","added on Oct 17th 2023 6:52 AM by bbfmo2019 INVALID Offline"
"8332515","https://epl.paypal-communication.com/T/v610000018b31faa7088f880e434b5c...","added on Oct 15th 2023 1:57 PM by danaxtell INVALID Offline"
"8332320","http://uala.com.co.admin-mcas-df.ms/","added on Oct 14th 2023 11:39 PM by NialCottrell INVALID Offline"
"8331899","https://www.washingtonpost.com/world/2023/10/12/israel-strikes-gaza-ma...","added on Oct 14th 2023 9:20 AM by Felix0101 INVALID Offline"
"8331103","https://news.sky.com/story/israel-gaza-war-latest-hamas-palestine-sky-...","added on Oct 13th 2023 6:31 PM by Felix0101 INVALID Offline"
"8330708","https://www.lesechos.fr/tech-medias/intelligence-artificielle/la-tech-...","added on Oct 13th 2023 8:11 AM by Felix0101 INVALID Offline"
"8330643","https://www.virustotal.com/gui/url/642025e7ade144dc294c847efdcb21c54b3...","added on Oct 13th 2023 4:10 AM by edgyeft INVALID Offline"
"8327782","https://www.segurossura.com.co/","added on Oct 11th 2023 12:04 AM by phishattack INVALID Offline"
"8325295","https://www.fdd.org/analysis/2023/10/08/attacks-on-israel-part-of-iran...","added on Oct 8th 2023 11:07 PM by Felix0101 INVALID Offline"
"8325176","https://www.fakepersongenerator.com/Index/generate...","added on Oct 8th 2023 8:58 PM by Felix0101 INVALID Offline"
"8323134","https://training.knowbe4.com/ui/login","added on Oct 6th 2023 4:09 AM by optusabuse INVALID Offline"
"8323133","https://http.www.secure.kb4.io","added on Oct 6th 2023 4:09 AM by optusabuse INVALID Offline"
"8318819","https://www.focus.de/politik/ausland/nach-dem-tod-von-jewgeni-prigosch...","added on Oct 3rd 2023 12:00 PM by Felix0101 INVALID Offline"
"8318475","https://www.businessinsider.com/elon-musks-x-most-active-platform-for-...","added on Oct 3rd 2023 12:37 AM by Felix0101 INVALID Offline"
"8317918","https://www.huffingtonpost.fr/environnement/article/au-royaume-uni-le-...","added on Oct 2nd 2023 4:51 PM by Felix0101 INVALID Offline"
"8316911","https://yakarandamag.com/fr/autoriser-les-ports-tcp-et-udp-53-a-vos-se...","added on Oct 1st 2023 3:08 PM by Felix0101 INVALID Offline"
"8316671","https://itarmy.com.ua/instruction/?lang=en#linux...","added on Oct 1st 2023 12:45 AM by Felix0101 INVALID Offline"
"8313407","https://www.aseguradorarural.com.gt/aseguradoradnn/...","added on Sep 27th 2023 3:49 PM by lhernandez INVALID Offline"
"8312288","https://wiscnews.com/news/local/man-given-25-000-bond-for-assault/arti...","added on Sep 26th 2023 6:32 PM by Felix0101 INVALID Offline"
"8312205","https://dnevnik.ru","added on Sep 26th 2023 5:11 PM by Felix0101 INVALID Offline"
"8312089","https://raw.githubusercontent.com/","added on Sep 26th 2023 3:12 PM by Felix0101 INVALID Offline"
"8309515","https://www.icmp.int/news/ukraines-forgotten-missing-and-disappeared/...","added on Sep 23rd 2023 11:34 PM by Felix0101 INVALID Offline"
"8309513","https://missingdoe.com/resources-and-interesting-links/...","added on Sep 23rd 2023 11:19 PM by Felix0101 INVALID Offline"
"8309512","https://missingchildreneurope.eu/get-involved/...","added on Sep 23rd 2023 10:51 PM by Felix0101 INVALID Offline"
"8308220","https://www.dailymail.co.uk/news/article-11559455/The-Twitter-Files-le...","added on Sep 22nd 2023 12:04 PM by Felix0101 INVALID Offline"
"8308215","https://www.usatoday.com/story/news/politics/2022/12/03/elon-musk-and-...","added on Sep 22nd 2023 12:03 PM by Felix0101 INVALID Offline"
"8308214","https://eu.usatoday.com/story/news/politics/2022/12/03/elon-musk-and-m...","added on Sep 22nd 2023 12:03 PM by Felix0101 INVALID Offline"
"8304963","https://www.exploretalent.com/","added on Sep 19th 2023 4:17 PM by Felix0101 INVALID Offline"
"8304806","https://dmarket.com/ru/sell-items-promo","added on Sep 19th 2023 2:03 PM by Felix0101 INVALID Offline"
"8304656","https://us.typology.com","added on Sep 19th 2023 11:51 AM by Felix0101 INVALID Offline"
"8302818","https://phishtank.org/index.php","added on Sep 18th 2023 8:58 PM by lhernandez INVALID Offline"
"8302817","https://phishtank.org/phish_detail.php?phish","added on Sep 18th 2023 8:58 PM by lhernandez INVALID Offline"
"8302661","https://www.nytimes.com/2023/09/18/us/missing-f35-military-jet-charles...","added on Sep 18th 2023 5:27 PM by Felix0101 INVALID Offline"
"8302586","https://www.site-shot.com/","added on Sep 18th 2023 4:19 PM by lhernandez INVALID Offline"
"8302409","https://consent.orange.fr/global-cookies/e63fdee3ac1a427c1ec20be10bfbd...","added on Sep 18th 2023 2:13 PM by verifrom INVALID Offline"
"8302395","https://www.fool.com/the-ascent/personal-finance/best-personal-finance...","added on Sep 18th 2023 2:08 PM by Felix0101 INVALID Offline"
"8302001","https://code.jquery.com/jquery-3.3.1.js","added on Sep 18th 2023 4:49 AM by CERTPKOBP INVALID Offline"
"8301718","https://www.newsweek.com/migrants-europe-violence-crime-germany-study-...","added on Sep 17th 2023 1:36 PM by Felix0101 INVALID Offline"
"8301310","https://rarible.com/token/polygon/0xf7b2f16e68017e4665cadbfded20079540...","added on Sep 16th 2023 9:49 PM by Felix0101 INVALID Offline"
"8300463","https://www.bibanking.bi.com.gt/InicioSesion/Inicio/Autenticar...","added on Sep 15th 2023 9:43 PM by lhernandez INVALID Offline"
"8300462","https://bibanking.bi.com.gt/","added on Sep 15th 2023 9:43 PM by lhernandez INVALID Offline"
"8300335","https://correosytelegrafos.civ.gob.gt/contacto/...","added on Sep 15th 2023 5:43 PM by lhernandez INVALID Offline"
"8299026","https://stoxbex.com/","added on Sep 14th 2023 7:56 PM by Felix0101 INVALID Offline"
"8299025","http://stoxbex.com","added on Sep 14th 2023 7:56 PM by Felix0101 INVALID Offline"
"8297367","https://armstrong.bi.com.gt/ArmstrongBI/web/asp/modAcceso/acceso.aspx...","added on Sep 13th 2023 9:44 PM by lhernandez INVALID Offline"
"8297366","https://armstrong.bi.com.gt/","added on Sep 13th 2023 9:44 PM by lhernandez INVALID Offline"
"8297288","https://login.live.com.office.autooffc29536.euprodauto4.myshn.eu/login...","added on Sep 13th 2023 9:02 PM by cleanmx INVALID Offline"
"8296672","https://best.aliexpress.com/?new_site=1&commercial_type=bestPage&a...","added on Sep 13th 2023 9:51 AM by D3Lab INVALID Offline"
"8295669","https://123savoie.com/lisa-gay-portrait-d-une-musheuse/...","added on Sep 12th 2023 3:46 PM by Felix0101 INVALID Offline"
"8293360","https://www.govmint.com/bot-detected?url=Lz8=&uuid=4426c00c-509c-11ee-...","added on Sep 11th 2023 12:10 PM by Felix0101 INVALID Offline"
"8293359","https://www.govmint.com","added on Sep 11th 2023 12:10 PM by Felix0101 INVALID Offline"
"8291924","https://agelesstachyoncenter.com/","added on Sep 9th 2023 10:11 PM by buaya INVALID Offline"
"8290421","https://dnspropagation.net/free-public-dns-servers/cn/...","added on Sep 8th 2023 4:21 PM by Felix0101 INVALID Offline"
"8290135","https://www.trendsmap.com/twitter/tweet/1476255911400378371...","added on Sep 8th 2023 9:22 AM by Felix0101 INVALID Offline"
"8288769","https://github.com/pwnwithlove/C_revshell","added on Sep 7th 2023 7:26 AM by Felix0101 INVALID Offline"
"8286251","https://www.creativeboom.com/resources/guide-to-bluesky-the-invite-onl...","added on Sep 5th 2023 2:11 PM by Felix0101 INVALID Offline"
"8285485","https://sbi.mx/page/41/786/wellsfargo.html/","added on Sep 5th 2023 5:05 AM by bobbyb INVALID Offline"
"8284491","https://www.icloud.com/find","added on Sep 4th 2023 10:03 AM by cleanmx INVALID Offline"
"8283807","https://www.br.de/nachrichten/wirtschaft/telefonabzocke-betrug-mit-pin...","added on Sep 3rd 2023 10:02 AM by Felix0101 INVALID Offline"
"8283806","https://www.br.de/nachrichten/wirtschaft/telefonabzocke-betrug-mit-pin...","added on Sep 3rd 2023 10:02 AM by Felix0101 INVALID Offline"
"8282949","https://login.microsoftonline.com.office.autooffc29536.euprodauto4.mys...","added on Sep 2nd 2023 8:08 AM by cleanmx INVALID Offline"
"8282948","http://login.microsoftonline.com.office.autooffc29536.euprodauto4.mysh...","added on Sep 2nd 2023 8:08 AM by cleanmx INVALID Offline"
"8282947","https://login.microsoftonline.com.office.autooffc29536.euprodauto4.mys...","added on Sep 2nd 2023 8:08 AM by cleanmx INVALID Offline"
"8282833","https://login.live.com.office.skyhighdemo74-o365rp.skyhighdemo74.myshn...","added on Sep 2nd 2023 5:03 AM by cleanmx INVALID Offline"
"8280474","https://login.live.com.office.autooffc29536.euprodauto4.myshn.eu/jsDis...","added on Aug 31st 2023 4:02 AM by cleanmx INVALID Offline"
"8280473","https://login.live.com.office.autooffc29536.euprodauto4.myshn.eu/jsDis...","added on Aug 31st 2023 4:02 AM by cleanmx INVALID Offline"
"8280472","https://login.live.com.office.autooffc29536.euprodauto4.myshn.eu/jsDis...","added on Aug 31st 2023 4:01 AM by cleanmx INVALID Offline"
"8277048","https://www.washingtonpost.com/dc-md-va/2023/08/28/trump-jan-6-trial-d...","added on Aug 28th 2023 4:22 PM by Felix0101 INVALID Offline"
"8277047","https://wapo.st/3qOwJyQ","added on Aug 28th 2023 4:22 PM by Felix0101 INVALID Offline"
"8276912","https://www2.deloitte.com/us/en.html","added on Aug 28th 2023 2:54 PM by sstaskiewicz INVALID Offline"
"8275570","http://login.live.com.sbs.office-365.sdbanca.myshn.net/oauth20_authori...","added on Aug 27th 2023 10:00 AM by cleanmx INVALID Offline"
"8274219","http://onedrive.live.com/about/signin/","added on Aug 26th 2023 8:12 AM by cleanmx INVALID Offline"
"8273131","https://commission.europa.eu/strategy-and-policy/priorities-2019-2024/...","added on Aug 25th 2023 1:10 PM by Felix0101 INVALID Offline"
"8273016","https://www.tagesschau.de/ausland/amerika/twitter-desinformation-eu-pa...","added on Aug 25th 2023 10:51 AM by Felix0101 INVALID Offline"
"8272152","https://www.donationalerts.com/r/minikotic_original...","added on Aug 24th 2023 9:54 PM by Felix0101 INVALID Offline"
"8272091","https://dropzones.bitkubnext.app/","added on Aug 24th 2023 8:22 PM by r3gersec INVALID Offline"
"8272090","http://dropzones.bitkubnext.app","added on Aug 24th 2023 8:22 PM by r3gersec INVALID Offline"
"8271329","http://paypal-verification.net/","added on Aug 24th 2023 6:00 AM by cleanmx INVALID Offline"
"8270351","https://www.flightradar24.com/data/aircraft/ra-02795#31b7cbfb...","added on Aug 23rd 2023 6:09 PM by Felix0101 INVALID Offline"
"8268946","https://fex.net/","added on Aug 22nd 2023 4:23 PM by Felix0101 INVALID Offline"
"8266949","https://worldforum.in/world-photography-day-capturing-moments-of-histo...","added on Aug 21st 2023 3:33 AM by Felix0101 INVALID Offline"
"8266874","https://login.live.com.isasecuritylabs.default.isacyberseccuritylabs.m...","added on Aug 21st 2023 12:00 AM by cleanmx INVALID Offline"
"8266346","https://login.live.com.o365.uat.wipropoc.myshn.net/oauth20_authorize.s...","added on Aug 20th 2023 7:00 AM by cleanmx INVALID Offline"
"8265853","https://aadcdn.msftauth.net.office.office365.brunswick.myshn.eu/ests/2...","added on Aug 19th 2023 6:00 PM by cleanmx INVALID Offline"
"8265852","https://aadcdn.msauth.net.office.office365.brunswick.myshn.eu/ests/2.1...","added on Aug 19th 2023 6:00 PM by cleanmx INVALID Offline"
"8264454","https://login.salesforce.com/","added on Aug 18th 2023 12:02 PM by cleanmx INVALID Offline"
"8257975","https://click.mail.lidl.de/?qs=bf63ce4204b6aa7e8d226355f7a327a177ec80b...","added on Aug 12th 2023 8:00 AM by cleanmx INVALID Offline"
"8256187","https://classic.curve.fi","added on Aug 10th 2023 12:57 PM by Felix0101 INVALID Offline"
"8250990","https://www.artstation.com/marketplace/p/Xm9Ov/environment-concept-art...","added on Aug 6th 2023 9:33 AM by Felix0101 INVALID Offline"
"8250986","https://stevenzapata.gumroad.com/l/BtTvq?layout=profile...","added on Aug 6th 2023 9:22 AM by Felix0101 INVALID Offline"
"8250662","https://www.att.com/security/secure-family-app/...","added on Aug 5th 2023 11:31 PM by prodigyabuse INVALID Offline"
"8249660","https://archive.org/","added on Aug 4th 2023 9:27 PM by Felix0101 INVALID Offline"
"8246729","https://hostingbot.net/","added on Aug 1st 2023 11:12 PM by Mohamedsalaha121 INVALID Offline"
"8245114","https://hunterswap.net/","added on Aug 1st 2023 1:54 AM by Felix0101 INVALID Offline"
"8242416","https://www.mailjet.com/products/email-marketing/?utm_term=&utm_ca...","added on Jul 29th 2023 10:32 AM by Felix0101 INVALID Offline"
"8241136","https://myradar.en.softonic.com/download?utm_source=bing&utm_mediu...","added on Jul 28th 2023 1:08 AM by Felix0101 INVALID Offline"
"8239000","https://login-online.mbhbank.hu/welcome.htm#","added on Jul 26th 2023 2:03 PM by bbfmo2019 INVALID Offline"
"8236235","https://managehosting.aruba.it/","added on Jul 24th 2023 6:46 AM by D3Lab INVALID Offline"
"8236181","https://phishtank.org/phish_detail.php?phish_id=8236180...","added on Jul 24th 2023 5:29 AM by dms INVALID Offline"
"8229529","https://scontent.fmaa10-1.fna.fbcdn.net/","added on Jul 19th 2023 2:02 AM by lhernandez INVALID Offline"
"8227822","https://href.li/?https://www.fido.ca/","added on Jul 18th 2023 2:26 AM by human123 INVALID Offline"
"8226841","https://www.dropbox.com/l/AAA9YqlV1fn7M06-EvfmkIlgEflG0jXWqOQ/report_a...","added on Jul 17th 2023 3:59 PM by WmGMitchell INVALID Offline"
"8226742","https://ogrs-zcmp.maillist-manage.eu/campaigns/ReportAbuse.zc?od=3zb6d...","added on Jul 17th 2023 2:40 PM by laerm INVALID Offline"
"8226672","https://poshmark.com/wa_rd?rd_url=%2Femail_unsubscribe%3Fu%3De2%3AB9w6...","added on Jul 17th 2023 1:09 PM by basutado INVALID Offline"
"8226671","https://poshmark.com/wa_rd?rd_url=%2Fuser%2Fnotification-settings&t_me...","added on Jul 17th 2023 1:08 PM by basutado INVALID Offline"
"8226632","https://br.smartsearchresults.com/web?q=meu%20cart%C3%A3o%20renner%20v...","added on Jul 17th 2023 12:22 PM by NialCottrell INVALID Offline"
"8226556","http://shik.cn/","added on Jul 17th 2023 10:29 AM by legalintsights INVALID Offline"
"8226543","https://clt1592618.benchurl.com/c/opt_thanks","added on Jul 17th 2023 9:59 AM by laerm INVALID Offline"
"8226338","http://www.hoster.kz/","added on Jul 17th 2023 6:37 AM by verifrom INVALID Offline"
"8226337","https://www.hoster.kz/","added on Jul 17th 2023 6:36 AM by verifrom INVALID Offline"
"8225752","https://www.traderjoexyz.com","added on Jul 16th 2023 9:43 AM by Felix0101 INVALID Offline"
"8225101","https://synthesisgroup.es/","added on Jul 15th 2023 1:26 AM by asd123456 INVALID Offline"
"8225083","https://www.traderjoes.com/home","added on Jul 15th 2023 12:10 AM by Felix0101 INVALID Offline"
"8225082","https://www.traderjoes.com","added on Jul 15th 2023 12:10 AM by Felix0101 INVALID Offline"
"8224545","https://www.jetbrains.com/ru-ru/pycharm/download/...","added on Jul 14th 2023 7:25 PM by Felix0101 INVALID Offline"
"8224082","https://thehackernews.com/2023/06/anatsa-banking-trojan-targeting-user...","added on Jul 14th 2023 9:06 AM by Felix0101 INVALID Offline"
"8224018","https://dropzone.bitkubnext.app/","added on Jul 14th 2023 6:06 AM by r3gersec INVALID Offline"
"8224017","http://dropzone.bitkubnext.app","added on Jul 14th 2023 6:06 AM by r3gersec INVALID Offline"
"8221373","https://202.32.243.204/","added on Jul 12th 2023 7:37 AM by dms INVALID Offline"
"8221338","https://phishtank.org/phish_detail.php?phish_id=8221337...","added on Jul 12th 2023 6:41 AM by dms INVALID Offline"
"8220780","http://boughtbymany.us6.list-manage.com/track/click?u=5ae23627d87422b0...","added on Jul 11th 2023 8:02 PM by Josecitosgirl INVALID Offline"
"8220686","https://sis.redsys.es/sis/p2f?t=BB8442B0627CA302E7F7BF7BF2B842D0E2E963...","added on Jul 11th 2023 5:56 PM by BPhy INVALID Offline"
"8220391","https://www.billa.at/","added on Jul 11th 2023 3:37 PM by segasec INVALID Offline"
"8220211","https://www.washingtonpost.com/technology/2023/06/30/satellite-hacked-...","added on Jul 11th 2023 1:09 PM by Felix0101 INVALID Offline"
"8220112","http://paypal-net.com/","added on Jul 11th 2023 12:11 PM by cleanmx INVALID Offline"
"8220088","http://www.thecommunityschoolinc.org","added on Jul 11th 2023 11:34 AM by Felix0101 INVALID Offline"
"8220073","http://www.mangumalumni.com","added on Jul 11th 2023 11:19 AM by Felix0101 INVALID Offline"
"8219923","https://href.li/?https://www.dhl.com/us-en/home.html...","added on Jul 11th 2023 6:48 AM by CSIRTKNF INVALID Offline"
"8218802","https://www.edvan.com.br/picpay","added on Jul 10th 2023 1:33 PM by IsmaelParkes INVALID Offline"
"8218694","https://www.peer2profit.com","added on Jul 10th 2023 12:17 PM by Felix0101 INVALID Offline"
"8218656","https://www.pangolin.exchange","added on Jul 10th 2023 11:59 AM by Felix0101 INVALID Offline"
"8212431","https://www.templatern.com/gbr/a7f35688-9c00-4d5e-ba41-29f146377ab0/27...","added on Jul 5th 2023 7:56 AM by verifrom INVALID Offline"
"8210845","https://wise.com/gb/account/","added on Jul 4th 2023 8:41 AM by laerm INVALID Offline"
"8210844","https://wise.com/multi-currency-account","added on Jul 4th 2023 8:41 AM by laerm INVALID Offline"
"8210832","https://www.templatern.com/gbr/a7f35688-9c00-4d5e-ba41-29f146377ab0/c3...","added on Jul 4th 2023 8:22 AM by verifrom INVALID Offline"
"8202280","https://bnpparibaswarsawopen.pl","added on Jun 30th 2023 7:41 AM by NIRT INVALID Offline"
"8193253","https://axos.invlink.com/","added on Jun 24th 2023 12:20 AM by r3gersec INVALID Offline"
"8193132","https://www.sbi.mx/page/41/786/scotiabank-bankingweb.html...","added on Jun 23rd 2023 9:00 PM by bobbyb INVALID Offline"
"8187210","https://mybwc.zendesk.com/auth/v2/login/signin?return_to=https%3A%2F%2...","added on Jun 19th 2023 9:17 PM by prodigyabuse INVALID Offline"
"8183182","https://login.aruba.it/auth/realms/pec/protocol/openid-connect/auth?cl...","added on Jun 17th 2023 9:01 AM by D3Lab INVALID Offline"
"8183181","http://gestionemail.pec.aruba.it","added on Jun 17th 2023 9:01 AM by D3Lab INVALID Offline"
"8183180","https://login.aruba.it/auth/realms/pec/protocol/openid-connect/auth?cl...","added on Jun 17th 2023 9:01 AM by D3Lab INVALID Offline"
"8181738","https://www.cloudflare.com/","added on Jun 16th 2023 9:49 AM by buaya INVALID Offline"
"8178135","https://fonts.googleapis.com/css?family=Noticia+Text:400,400i,700,700i...","added on Jun 14th 2023 11:40 AM by paede81 INVALID Offline"
"8176105","https://www.jb-honshi.co.jp/customer_index/","added on Jun 13th 2023 12:12 AM by valval INVALID Offline"
"8172043","http://www.ebas.ch/phishing","added on Jun 10th 2023 3:07 PM by cleanmx INVALID Offline"
"8172024","https://www.ebas.ch/phishing","added on Jun 10th 2023 3:06 PM by cleanmx INVALID Offline"
"8172018","https://www.ebas.ch/phishing/","added on Jun 10th 2023 3:05 PM by cleanmx INVALID Offline"
"8172017","https://www.ebas.ch/index.php?page_id=817","added on Jun 10th 2023 3:05 PM by cleanmx INVALID Offline"
"8169364","https://href.li/?https://online.lloydsbank.co.uk/personal/logon/login....","added on Jun 9th 2023 1:09 AM by rklanke INVALID Offline"
"8167606","https://wns.e-learningportal.com/","added on Jun 7th 2023 12:13 PM by r3gersec INVALID Offline"
"8167605","http://wns.e-learningportal.com","added on Jun 7th 2023 12:13 PM by r3gersec INVALID Offline"
"8166574","https://express.adobe.com","added on Jun 6th 2023 6:09 PM by lhernandez INVALID Offline"
"8165181","https://www.bancofalabella.com.co/page/cashback-falabella-junio?utm_so...","added on Jun 5th 2023 5:01 PM by cleanmx INVALID Offline"
"8165180","https://bit.ly/42kpJWX","added on Jun 5th 2023 5:01 PM by cleanmx INVALID Offline"
"8165179","https://www.bancofalabella.com.co/page/3-retiros-gratis...","added on Jun 5th 2023 5:01 PM by cleanmx INVALID Offline"
"8163193","http://www.paypal-merchant.com/","added on Jun 2nd 2023 8:06 PM by bobbyb INVALID Offline"
"8162191","https://www.postfinance.ch/ap/ba/ob/html/finance/home?login...","added on Jun 1st 2023 10:08 AM by GovCERTCH INVALID Offline"
"8161368","http://bigagentrewards.com/","added on May 31st 2023 6:55 PM by lhernandez INVALID Offline"
"8160017","https://urlscan.io/result/e6cb5bed-fa87-4317-bfc3-4d21f13025ef/...","added on May 30th 2023 5:19 PM by CERTmBank INVALID Offline"
"8158196","https://www.shibariumtech.com","added on May 28th 2023 1:47 PM by Felix0101 INVALID Offline"
"8158095","https://bridge.zksync.io","added on May 28th 2023 7:42 AM by Felix0101 INVALID Offline"
"8156856","https://www.mercadopago.com.br/","added on May 26th 2023 3:21 PM by barreto2309 INVALID Offline"
"8156512","https://onedrive.live.com/about/es-us-signin/","added on May 26th 2023 5:19 AM by lhernandez INVALID Offline"
"8156506","http://url.zp.edu.ua/","added on May 26th 2023 5:05 AM by lhernandez INVALID Offline"
"8156398","https://bitflyer.com/en-us/","added on May 26th 2023 2:04 AM by shinya INVALID Offline"
"8153634","https://phishtank.org/phish_detail.php?phish_id=8153631...","added on May 24th 2023 1:26 AM by lhernandez INVALID Offline"
"8152643","https://polo.feathr.co/v1/analytics/crumb?flvr=email_link_click&t_...","added on May 23rd 2023 8:17 AM by HelpdeskVSE INVALID Offline"
"8152599","https://www.heritage.org","added on May 23rd 2023 7:20 AM by Felix0101 INVALID Offline"
"8152474","https://www.airlinesticketpolicy.com/name-correction-policy/united-air...","added on May 23rd 2023 1:34 AM by r3gersec INVALID Offline"
"8150265","https://quttera.com/","added on May 19th 2023 1:46 PM by quttera INVALID Offline"
"8150264","http://www.quttera.com/","added on May 19th 2023 1:46 PM by quttera INVALID Offline"
"8149967","https://play.google.com/store/apps/details?id=com.credit.fectivocash.l...","added on May 19th 2023 3:38 AM by PERSEFONE INVALID Offline"
"8149964","https://play.google.com/store/apps/details?id=in.crazycoin.play.releas...","added on May 19th 2023 3:28 AM by PERSEFONE INVALID Offline"
"8149723","https://185.81.101.37/","added on May 19th 2023 12:00 AM by buaya INVALID Offline"
"8148273","https://ethereum.org/en/","added on May 17th 2023 4:10 AM by Felix0101 INVALID Offline"
"8144387","https://www.esfera.com.vc/p/renner/e000100117","added on May 12th 2023 12:52 PM by MacaulyDorsey INVALID Offline"
"8143053","https://miarroba.com","added on May 11th 2023 1:52 AM by lhernandez INVALID Offline"
"8141062","https://www.cnbbank.com/","added on May 8th 2023 11:50 PM by soclatam INVALID Offline"
"8140977","https://www.bigcartel.com/","added on May 8th 2023 8:49 PM by s3an INVALID Offline"
"8140976","https://bigcartel.com/","added on May 8th 2023 8:49 PM by s3an INVALID Offline"
"8140430","https://www.templatern.com/gbr/a7f35688-9c00-4d5e-ba41-29f146377ab0/51...","added on May 8th 2023 7:42 AM by verifrom INVALID Offline"
"8140408","https://www.the-dressingroom.com/redirect.php?siteID=QFGLnEolOWg-n4Y11...","added on May 8th 2023 7:15 AM by GovCERTCH INVALID Offline"
"8139733","https://www.aidoge.com","added on May 6th 2023 7:31 PM by Felix0101 INVALID Offline"
"8138430","https://bequettehomes.com//wp-admin/css/bootstrap-min.js...","added on May 5th 2023 11:18 AM by antiphish60 INVALID Offline"
"8137500","https://www.templatern.com/gbr/a7f35688-9c00-4d5e-ba41-29f146377ab0/51...","added on May 4th 2023 8:55 AM by verifrom INVALID Offline"
"8137143","https://www.sicoob.com.br/","added on May 3rd 2023 3:18 PM by NialCottrell INVALID Offline"
"8136886","https://www.google.dk/","added on May 3rd 2023 8:54 AM by decio INVALID Offline"
"8129350","https://storyhunter.com/","added on Apr 26th 2023 2:51 PM by Felix0101 INVALID Offline"
"8129349","https://www.storyhunter.com","added on Apr 26th 2023 2:51 PM by Felix0101 INVALID Offline"
"8124571","https://btprivacy.my.onetrust.com/ui/#/portalAccess/f800585c-2b88-4b1a...","added on Apr 22nd 2023 10:57 AM by verifrom INVALID Offline"
"8124570","https://btprivacy.my.onetrust.com/privacyaccess/eyJhbGciOiJSUzUxMiJ9.L...","added on Apr 22nd 2023 10:57 AM by verifrom INVALID Offline"
"8123539","https://findomestic-test.fercam.com/","added on Apr 21st 2023 2:35 AM by D3Lab INVALID Offline"
"8123538","https://findomestic-test.fercam.com/login?ReturnUrl=%2F...","added on Apr 21st 2023 2:35 AM by D3Lab INVALID Offline"
"8120391","https://www.eneco.nl/over-ons/wat-we-doen/circulariteit/...","added on Apr 18th 2023 8:43 AM by LuigiTheHunter INVALID Offline"
"8117386","http://yorku.radiopulsarfm.cl/?code=cm9uaWpAeW9ya3UuY2E=...","added on Apr 14th 2023 8:16 PM by karan564 INVALID Offline"
"8117385","http://app.plangrid.com/oauth_link?token=oauth_da6596803402246b4ea05a2...","added on Apr 14th 2023 8:16 PM by karan564 INVALID Offline"
"8116251","https://www.education.gouv.fr/","added on Apr 14th 2023 12:06 AM by buaya INVALID Offline"
"8115340","http://ww4.affinity.net/fb_veve.php?enk=34c8221c58596c1dfdba63b1a2c731...","added on Apr 13th 2023 3:47 AM by NialCottrell INVALID Offline"
"8113376","https://www.google.com.lb/search?q=csmoney","added on Apr 11th 2023 3:27 PM by Felix0101 INVALID Offline"
"8111226","https://www.officeppe.com/","added on Apr 9th 2023 11:01 PM by cleanmx INVALID Offline"
"8111225","http://officeppe.com/","added on Apr 9th 2023 11:01 PM by cleanmx INVALID Offline"
"8109550","https://makerdao.com/","added on Apr 7th 2023 6:19 PM by Felix0101 INVALID Offline"
"8109549","https://www.makerdao.com","added on Apr 7th 2023 6:19 PM by Felix0101 INVALID Offline"
"8109377","https://talosintelligence.com/","added on Apr 7th 2023 2:13 PM by Pluto67 INVALID Offline"
"8108221","https://bmp.dbs.moneyp.com.br/login","added on Apr 6th 2023 12:14 PM by NialCottrell INVALID Offline"
"8104245","http://click-batch.hsbc.com.mx:9080/QWFHQkVEX1hdUFdLUlJQU05dQVpeXFJZVE...","added on Apr 4th 2023 9:02 PM by joewein INVALID Offline"
"8104218","https://www.hsbc.com.mx/digital/banca-por-internet/...","added on Apr 4th 2023 8:31 PM by joewein INVALID Offline"
"8104217","http://click-batch.hsbc.com.mx:9080/QWFFR0FDWl1EX1ZXVFpMUV5ARkVVWENHUV...","added on Apr 4th 2023 8:31 PM by joewein INVALID Offline"
"8103016","https://www2.etc-meisai.jp/","added on Apr 4th 2023 2:08 AM by seki INVALID Offline"
"8102985","https://www.nzta.govt.nz/roads-and-rail/toll-roads/...","added on Apr 4th 2023 2:02 AM by cleanmx INVALID Offline"
"8102984","http://nzta.cc/","added on Apr 4th 2023 2:02 AM by cleanmx INVALID Offline"
"8101761","https://www.google.com/search?q=klantenservice...","added on Apr 3rd 2023 5:29 AM by pch INVALID Offline"
"8099745","https://www.google.ca/search?q=space+id","added on Apr 1st 2023 12:51 AM by Felix0101 INVALID Offline"
"8099197","https://login-online.mkb.hu/authenticate","added on Mar 31st 2023 11:50 AM by bbfmo2019 INVALID Offline"
"8098907","https://secure.ficohsa.com/?version=11.0.0","added on Mar 31st 2023 4:21 AM by lhernandez INVALID Offline"
"8096552","https://www.nike.com/","added on Mar 29th 2023 6:03 PM by cleanmx INVALID Offline"
"8096523","https://steamcommunity.com/groups/nophobiaaa","added on Mar 29th 2023 6:01 PM by cleanmx INVALID Offline"
"8096513","https://packetstormsecurity.com/files/171563/APPLE-SA-2023-03-27-9.txt...","added on Mar 29th 2023 6:00 PM by cleanmx INVALID Offline"
"8096512","https://packetstormsecurity.com/files/171563","added on Mar 29th 2023 6:00 PM by cleanmx INVALID Offline"
"8096005","https://sellercentral.amazon.com.mx:443/ap/signin?openid.return_to=htt...","added on Mar 29th 2023 1:00 PM by cleanmx INVALID Offline"
"8096004","http://go.amazonsellerservices.com/e/229492/ointment-ref-ag-fbamap-con...","added on Mar 29th 2023 1:00 PM by cleanmx INVALID Offline"
"8095089","https://get.massive.app/01GWHSK05776404NQ2RE4AS8FS?secret=PQQAzDTktyIW...","added on Mar 29th 2023 1:43 AM by Char INVALID Offline"
"8094893","https://www.telekom.de/hilfe/technical-error?samChecked=true...","added on Mar 28th 2023 7:30 PM by n0x6fb0x6fdy INVALID Offline"
"8094224","https://sparkassenstiftung-southernafrica.org/...","added on Mar 28th 2023 12:03 PM by cleanmx INVALID Offline"
"8094223","http://sparkassenstiftung-southernafrica.org/","added on Mar 28th 2023 12:03 PM by cleanmx INVALID Offline"
"8094222","https://sparkassenstiftung-moldova.org/","added on Mar 28th 2023 12:03 PM by cleanmx INVALID Offline"
"8094221","http://sparkassenstiftung-moldova.org/","added on Mar 28th 2023 12:03 PM by cleanmx INVALID Offline"
"8094220","https://sparkassenstiftung-asia.org/","added on Mar 28th 2023 12:03 PM by cleanmx INVALID Offline"
"8094219","http://sparkassenstiftung-asia.org/","added on Mar 28th 2023 12:03 PM by cleanmx INVALID Offline"
"8094103","https://www.wishyoudead.com/","added on Mar 28th 2023 11:04 AM by cleanmx INVALID Offline"
"8094064","https://www1.folha.uol.com.br/banco-de-dados/?cmpid=menulate...","added on Mar 28th 2023 11:02 AM by cleanmx INVALID Offline"
"8094055","http://sp.hsbc.com.my/","added on Mar 28th 2023 11:01 AM by cleanmx INVALID Offline"
"8093849","http://starbucks.co.kr/","added on Mar 28th 2023 4:40 AM by r3gersec INVALID Offline"
"8093172","https://airtm.me/","added on Mar 27th 2023 3:34 PM by r3gersec INVALID Offline"
"8093171","http://airtm.me","added on Mar 27th 2023 3:34 PM by r3gersec INVALID Offline"
"8091423","https://www.sbi.mx/page/41/786/","added on Mar 25th 2023 5:34 PM by bobbyb INVALID Offline"
"8089920","https://accounts.binance.com/ru/register?ref=174611886...","added on Mar 24th 2023 8:52 PM by Felix0101 INVALID Offline"
"8088587","https://www.eib.edu.au/","added on Mar 23rd 2023 10:09 PM by soclatam INVALID Offline"
"8088436","https://www.newvega.com/wp-admin/includes/content/content.php...","added on Mar 23rd 2023 6:31 PM by nbapphish INVALID Offline"
"8088092","https://urlscan.io/result/1db17b92-be69-4dc3-83e9-63e08c0beb58/...","added on Mar 23rd 2023 2:33 PM by shinya INVALID Offline"
"8088008","https://www.google.com.py/search?q=csgoskins","added on Mar 23rd 2023 12:17 PM by Felix0101 INVALID Offline"
"8087352","https://moneromixer.net/","added on Mar 23rd 2023 1:17 AM by r3gersec INVALID Offline"
"8082169","https://bvnegocios.banrural.com.gt/corp/pages/jsp-ns/login-corp.jsp...","added on Mar 19th 2023 11:38 PM by lhernandez INVALID Offline"
"8081719","https://accounts.binance.me/en/register-person?ref=P4Provider...","added on Mar 19th 2023 5:35 AM by Felix0101 INVALID Offline"
"8079397","https://login.microsoftonline.com.office.prod.abbvie.myshn.net:443/...","added on Mar 17th 2023 2:00 PM by cleanmx INVALID Offline"
"8079396","http://login.microsoftonline.com.office.prod.abbvie.myshn.net/...","added on Mar 17th 2023 2:00 PM by cleanmx INVALID Offline"
"8079395","https://login.microsoftonline.com.office.o365prod.rimac.myshn.net:443/...","added on Mar 17th 2023 2:00 PM by cleanmx INVALID Offline"
"8079394","http://login.microsoftonline.com.office.o365prod.rimac.myshn.net/...","added on Mar 17th 2023 2:00 PM by cleanmx INVALID Offline"
"8079390","https://login.microsoftonline.com.office.o365prod.rimac.myshn.net/...","added on Mar 17th 2023 2:00 PM by cleanmx INVALID Offline"
"8079389","https://login.microsoftonline.com.network.global.office-365---rp.netwo...","added on Mar 17th 2023 2:00 PM by cleanmx INVALID Offline"
"8079074","http://viaccess-orca.com.admin-mcas-df.ms/","added on Mar 17th 2023 1:43 PM by ReemWills INVALID Offline"
"8076773","https://login.live-int.com/login.srf?wa=wsignin1.0&rpsnv=53&ct...","added on Mar 16th 2023 1:04 AM by cleanmx INVALID Offline"
"8076434","https://phishtank.org/login_required.php","added on Mar 15th 2023 5:45 PM by socteam INVALID Offline"
"8076433","https://phishtank.org/add_web_phish.php","added on Mar 15th 2023 5:45 PM by socteam INVALID Offline"
"8076156","https://blog.dynamoo.com/2015/11/","added on Mar 15th 2023 2:00 PM by cleanmx INVALID Offline"
"8076155","http://blog.dynamoo.com/2015/11/","added on Mar 15th 2023 2:00 PM by cleanmx INVALID Offline"
"8073282","https://contactopichicnha.pe:8443/site/pichinchamasbeneficios.pe/Pichi...","added on Mar 13th 2023 5:52 PM by voldemor INVALID Offline"
"8073117","https://www.imdb.com/","added on Mar 13th 2023 4:01 PM by cleanmx INVALID Offline"
"8071569","http://commerzbank.cn/","added on Mar 12th 2023 4:05 AM by cleanmx INVALID Offline"
"8071564","http://dnr.duke4.net/","added on Mar 12th 2023 4:04 AM by cleanmx INVALID Offline"
"8070196","https://www.sydneyartsguide.com.au/wp-content/jan/index.php...","added on Mar 11th 2023 3:23 AM by buaya INVALID Offline"
"8069949","http://amazonprimenow.delivery/","added on Mar 11th 2023 1:03 AM by cleanmx INVALID Offline"
"8068840","https://www.attemplate.com/nam/bbd163df-f5b3-42f0-9ef3-105dccf2b7a6/06...","added on Mar 10th 2023 5:16 PM by cleanmx INVALID Offline"
"8068839","https://www.attemplate.com/eur/7c8f5585-1011-4ff6-ab82-b8795c4f103f/c2...","added on Mar 10th 2023 5:16 PM by cleanmx INVALID Offline"
"8068837","https://www.attemplate.com/eur/1f23d6d3-b158-4e45-b7e1-7631cf28c804/bc...","added on Mar 10th 2023 5:15 PM by cleanmx INVALID Offline"
"8068834","https://www.attemplate.com/eur/1f23d6d3-b158-4e45-b7e1-7631cf28c804/bc...","added on Mar 10th 2023 5:15 PM by cleanmx INVALID Offline"
"8068833","https://www.attemplate.com/eur/1f23d6d3-b158-4e45-b7e1-7631cf28c804/bc...","added on Mar 10th 2023 5:15 PM by cleanmx INVALID Offline"
"8068662","https://apptest.consumer.meridianlink.com/cc/CreditCard.aspx?lenderref...","added on Mar 10th 2023 3:56 PM by compartidos INVALID Offline"
"8067621","https://www.iana.org/domains/reserved","added on Mar 9th 2023 3:28 PM by Felix0101 INVALID Offline"
"8066695","https://www.google.com.br/?q=banco.bradesco","added on Mar 8th 2023 9:58 PM by compartidos INVALID Offline"
"8066655","https://www.attemplate.com/lam/c2525ea7-e266-4a4f-86fd-a824e8e51cd6/80...","added on Mar 8th 2023 8:54 PM by dms INVALID Offline"
"8055396","https://www.binance.com/es-LA/blog/fiat/c%C3%B3mo-comprar-criptomoneda...","added on Mar 1st 2023 4:30 PM by PhishVerifier INVALID Offline"
"8045040","https://member.kms.kuronekoyamato.co.jp/registration/request...","added on Feb 22nd 2023 4:46 AM by legalintsights INVALID Offline"
"8044568","https://www.ficohsa.hn/digital","added on Feb 21st 2023 7:03 PM by theboart INVALID Offline"
"8044260","https://premiumhome.cl/admin/index.php?email=acctbilling@widomaker.com...","added on Feb 21st 2023 2:36 PM by widomaker INVALID Offline"
"8043628","https://k-u.lt/wp-admin/jt/Emailupgd/","added on Feb 21st 2023 6:14 AM by buaya INVALID Offline"
"8039491","https://www.google.ee/search?q=how+to+make+one+line...","added on Feb 16th 2023 9:57 PM by tmtsteamphishing INVALID Offline"
"8038859","https://promericasv.aurainteractiva.com/login/index.php...","added on Feb 16th 2023 1:54 PM by wsegovia INVALID Offline"
"8038770","https://btprivacy.my.onetrust.com/ui/","added on Feb 16th 2023 12:01 PM by verifrom INVALID Offline"
"8037646","https://www.google.com.eg/search?q=how+triple+line...","added on Feb 15th 2023 12:22 PM by Felix0101 INVALID Offline"
"8035748","https://anydesk.com/pt","added on Feb 13th 2023 8:50 PM by soclatam INVALID Offline"
"8035543","http://www.petertiohk.com/wp-admin/js/fr/nndex.php...","added on Feb 13th 2023 8:06 PM by buaya INVALID Offline"
"8033643","https://www.google.co.ls/search?q=how+to+make+four+lines...","added on Feb 11th 2023 8:59 AM by Felix0101 INVALID Offline"
"8032636","https://www.google.co.bw/search?q=how+to+make+line...","added on Feb 10th 2023 9:53 AM by Felix0101 INVALID Offline"
"8031690","https://href.li/?https://en.wikipedia.org/wiki/Windows_Server_2016...","added on Feb 9th 2023 3:57 PM by drsox INVALID Offline"
"8031413","https://surveys.ipsos.co.za/AbsaEverydayBanking/ABSAEBContactCenterEng...","added on Feb 9th 2023 12:30 PM by secopspishing INVALID Offline"
"8031350","https://www.cloudflare.com/web3/","added on Feb 9th 2023 11:03 AM by Felix0101 INVALID Offline"
"8031349","https://cloudflare-eth.com/","added on Feb 9th 2023 11:03 AM by Felix0101 INVALID Offline"
"8029028","https://www.pornhub.com/","added on Feb 7th 2023 4:25 PM by Felix0101 INVALID Offline"
"8024224","https://www.vinnyfatts.com","added on Feb 2nd 2023 6:48 PM by vlariza INVALID Offline"
"8021942","http://gndi.com.br.admin-mcas-df.ms/","added on Jan 31st 2023 4:59 PM by MacaulyDorsey INVALID Offline"
"8021691","https://paygonline.us/","added on Jan 31st 2023 1:55 PM by prodigyabuse INVALID Offline"
"8021045","https://choicesoftheheart.com/Cancel-citizen.info/CITIZEN[MRWEEBEE]/lo...","added on Jan 31st 2023 12:01 AM by buaya INVALID Offline"
"8019435","https://www.parcelmonkey.fr/","added on Jan 28th 2023 8:45 PM by Amarena98 INVALID Offline"
"8019434","http://parcelmonkey.fr/","added on Jan 28th 2023 8:45 PM by Amarena98 INVALID Offline"
"8019344","https://www.amazonlogistics.jp/","added on Jan 28th 2023 5:49 PM by knack INVALID Offline"
"8019162","https://www.google.ch/search?q=how+to+print+two+lines...","added on Jan 28th 2023 10:27 AM by Felix0101 INVALID Offline"
"8017759","https://www.sharepointin.com/nam/4d8b357b-64da-4d04-9556-e4aa0f6e3d19/...","added on Jan 26th 2023 10:20 PM by DoctorX INVALID Offline"
"8017757","https://www.sharepointin.com/nam/4d8b357b-64da-4d04-9556-e4aa0f6e3d19/...","added on Jan 26th 2023 10:16 PM by DoctorX INVALID Offline"
"8013435","https://api.auth.gg/","added on Jan 22nd 2023 7:48 PM by mariwolverine INVALID Offline"
"8013434","http://api.auth.gg","added on Jan 22nd 2023 7:48 PM by mariwolverine INVALID Offline"
"8013433","https://auth.gg/","added on Jan 22nd 2023 7:46 PM by mariwolverine INVALID Offline"
"8013432","http://auth.gg","added on Jan 22nd 2023 7:46 PM by mariwolverine INVALID Offline"
"8010397","https://keepaas.com/index.php","added on Jan 19th 2023 9:14 AM by NIRT INVALID Offline"
"8010033","https://www.leaseville.com/","added on Jan 18th 2023 10:14 PM by r3gersec INVALID Offline"
"8005417","https://zonasegura.cajapiura.pe/internetbanking/...","added on Jan 13th 2023 12:22 PM by voldemor INVALID Offline"
"8005354","https://www.google.com.py/","added on Jan 13th 2023 10:46 AM by Felix0101 INVALID Offline"
"8005226","http://www.gwpiii.com/","added on Jan 13th 2023 7:10 AM by Felix0101 INVALID Offline"
"8004894","https://www.sella.it/","added on Jan 12th 2023 10:43 PM by tizio INVALID Offline"
"8004836","https://check-host.net/ip-info?host=https://biur.site...","added on Jan 12th 2023 8:59 PM by Felix0101 INVALID Offline"
"8002918","https://seguroparaviaje.com.bo/","added on Jan 10th 2023 9:10 PM by voldemor INVALID Offline"
"7999506","https://www.napaonline.co.za/Account/Login","added on Jan 6th 2023 4:08 PM by r3gersec INVALID Offline"
"7999505","http://napaonline.co.za","added on Jan 6th 2023 4:08 PM by r3gersec INVALID Offline"
"7998721","https://tracking.postnord.com/dk/?id=781c167f:0037:75a4:0730:e891:13db...","added on Jan 5th 2023 6:02 PM by spirit1 INVALID Offline"
"7996756","https://www.google.com/?gclid=d","added on Jan 4th 2023 9:59 AM by greenmoney INVALID Offline"
"7995738","http://partners.bigcommmerce.com/","added on Jan 3rd 2023 7:16 PM by shershkop INVALID Offline"
"7995422","https://www.google.com/?gclid=google","added on Jan 3rd 2023 2:09 PM by Felix0101 INVALID Offline"
"7990050","https://www.google.com/url?sa=t&rct=j&q=&esrc=s&source=web&cd=&cad=rja...","added on Dec 30th 2022 2:57 AM by soclatam INVALID Offline"
"7988877","https://www.curveonline.co.uk/","added on Dec 28th 2022 10:34 PM by Felix0101 INVALID Offline"
"7988876","http://www.curveonline.co.uk","added on Dec 28th 2022 10:34 PM by Felix0101 INVALID Offline"
"7988689","https://privacy.ehi.com/en-us/home.html","added on Dec 28th 2022 6:44 PM by JustaPerson INVALID Offline"
"7984826","https://shopee.co.id/","added on Dec 23rd 2022 6:24 AM by shershkop INVALID Offline"
"7984583","https://interbank.pe/prestamos-creditos/prestamos-personales/prestamo-...","added on Dec 22nd 2022 5:48 PM by voldemor INVALID Offline"
"7984404","https://shopee.sg/","added on Dec 22nd 2022 3:05 PM by IsmaelParkes INVALID Offline"
"7984057","https://harrowtuitioncentre.co.uk/css/webmail.lf1.cuni.cz.html...","added on Dec 22nd 2022 9:51 AM by vhor INVALID Offline"
"7983883","https://dotzbr-dev.mirakl.net/login/oauth2/mirakl-sso?prompt=none...","added on Dec 21st 2022 9:12 PM by MacaulyDorsey INVALID Offline"
"7983865","https://login.mirakl.net/authorize?response_type=code&client_id=UN...","added on Dec 21st 2022 8:52 PM by NialCottrell INVALID Offline"
"7982475","https://www.bol.com/nl/nl/","added on Dec 20th 2022 4:24 PM by shershkop INVALID Offline"
"7982462","https://bancodelapt1.valhalla.stage.jobs2web.com/...","added on Dec 20th 2022 4:11 PM by soclatam INVALID Offline"
"7981611","https://dan.com/buy-domain/usdctreasury.com?redirected=true...","added on Dec 19th 2022 7:57 PM by balomish INVALID Offline"
"7979693","https://docs.metamask.io/?_id=6995843297221+_TIme:Sat,Dec,17,2022-2:39...","added on Dec 17th 2022 2:39 AM by r3gersec INVALID Offline"
"7978221","https://www.overstock.com/","added on Dec 15th 2022 3:42 PM by shershkop INVALID Offline"
"7977465","https://www30.mercantilbanco.com/melp/login","added on Dec 14th 2022 8:10 PM by cmartins INVALID Offline"
"7977299","https://www.shein.co.uk/","added on Dec 14th 2022 7:09 PM by r3gersec INVALID Offline"
"7977225","https://www.optimisemedia.com/","added on Dec 14th 2022 6:12 PM by balomish INVALID Offline"
"7976534","https://sites.google.com/","added on Dec 14th 2022 12:06 PM by drcannabis INVALID Offline"
"7976292","https://www.intuit.com/company/?rmid=PTG_30459_001_TY14LCPSCriticalAle...","added on Dec 14th 2022 6:30 AM by JustaPerson INVALID Offline"
"7975498","https://www.twitter.com/fastly","added on Dec 13th 2022 12:30 PM by bagasme INVALID Offline"
"7975316","https://fiverr.com.mcas-df.ms","added on Dec 13th 2022 5:04 AM by legalintsights INVALID Offline"
"7974196","http://biglobe.ne.jp/","added on Dec 12th 2022 10:42 AM by Amarena98 INVALID Offline"
"7973828","https://bertelsmann.de.admin-mcas-df.ms","added on Dec 12th 2022 4:18 AM by legalintsights INVALID Offline"
"7973606","https://landbank.com.admin-mcas-df.ms","added on Dec 12th 2022 12:29 AM by legalintsights INVALID Offline"
"7973438","https://www.amazon.com.br/","added on Dec 11th 2022 5:30 PM by shershkop INVALID Offline"
"7973171","https://www.vinted.be/","added on Dec 11th 2022 6:48 AM by Felix0101 INVALID Offline"
"7973169","https://www.iban.com/","added on Dec 11th 2022 6:47 AM by Felix0101 INVALID Offline"
"7972804","http://uimn.org.admin-mcas-df.ms","added on Dec 10th 2022 7:26 PM by legalintsights INVALID Offline"
"7972738","https://www.mercadolibre.com.mx/","added on Dec 10th 2022 4:33 PM by shershkop INVALID Offline"
"7970482","https://sympa.unil.ch/sympa/arcsearch_id/aai/2022-12/e938030df14d2a834...","added on Dec 8th 2022 2:30 PM by laerm INVALID Offline"
"7968112","http://nitori.xn--g-e8t.jp","added on Dec 6th 2022 6:59 PM by legalintsights INVALID Offline"
"7968016","http://nitori.xn--f-w7t.jp","added on Dec 6th 2022 4:26 PM by legalintsights INVALID Offline"
"7968014","http://assai.com.br.admin-mcas-df.ms/","added on Dec 6th 2022 4:23 PM by NialCottrell INVALID Offline"
"7967504","https://www.prizewel.com/eur/6b50702c-caff-40f2-86bd-da9c41fd299b/9f9e...","added on Dec 6th 2022 7:34 AM by dkwdar INVALID Offline"
"7966887","http://nitori.xn--tckzd.jp","added on Dec 5th 2022 5:43 PM by legalintsights INVALID Offline"
"7966865","http://nitori.xn--c-ww6a.jp","added on Dec 5th 2022 5:39 PM by legalintsights INVALID Offline"
"7966597","https://www.google.com.br/?EN","added on Dec 5th 2022 1:26 PM by danubioam INVALID Offline"
"7965922","https://gaming.me/","added on Dec 4th 2022 5:57 PM by Felix0101 INVALID Offline"
"7964602","https://idc-futurecio.com/","added on Dec 2nd 2022 9:21 PM by shershkop INVALID Offline"
"7963910","https://www.kohls.com/","added on Dec 2nd 2022 5:25 AM by shershkop INVALID Offline"
"7962564","https://login-online.mkb.hu/welcome.htm","added on Dec 1st 2022 1:05 PM by bbfmo2019 INVALID Offline"
"7962285","http://us.shein.com","added on Dec 1st 2022 4:02 AM by r3gersec INVALID Offline"
"7960339","https://rarible.com/rarepepepunks","added on Nov 29th 2022 11:10 AM by Felix0101 INVALID Offline"
"7960204","https://admin.aruba.it/PannelloAdmin/login.aspx...","added on Nov 29th 2022 8:31 AM by D3Lab INVALID Offline"
"7957131","https://www.attemplate.com/can/34531318-7011-4fd4-87f0-a43816c49bd0/ab...","added on Nov 25th 2022 8:58 PM by karan564 INVALID Offline"
"7955746","https://www.affinityplus.org/","added on Nov 24th 2022 5:14 PM by shershkop INVALID Offline"
"7955473","https://netbank.takarekbank.hu","added on Nov 24th 2022 1:23 PM by bbfmo2019 INVALID Offline"
"7954458","https://ebanking.brou.com.uy/frontend/","added on Nov 23rd 2022 2:13 PM by socteam INVALID Offline"
"7954457","https://ebanking.brou.com.uy","added on Nov 23rd 2022 2:13 PM by socteam INVALID Offline"
"7950645","https://urlscan.io/result/05c2c0c9-5f42-44e3-b7ec-603d2b23138f/...","added on Nov 19th 2022 1:43 PM by CSIRTCGD INVALID Offline"
"7950639","https://urlscan.io/result/8c937be5-cee3-4155-b5a8-8fd5021ee993/...","added on Nov 19th 2022 1:18 PM by CSIRTCGD INVALID Offline"
"7950458","https://www.google.com/search?q=lhajiqui","added on Nov 19th 2022 12:36 AM by MacaulyDorsey INVALID Offline"
"7950107","https://www.target.com/","added on Nov 18th 2022 4:40 PM by shershkop INVALID Offline"
"7949847","https://att.empath.net/","added on Nov 18th 2022 1:49 PM by prodigyabuse INVALID Offline"
"7949454","https://linksharing.samsungcloud.com/rtR2JsS7NJNp...","added on Nov 18th 2022 4:37 AM by phishnabber INVALID Offline"
"7949139","https://www.cexpr.es/c?n=9367162000056199","added on Nov 17th 2022 10:21 PM by BPhy INVALID Offline"
"7945357","http://alerts.makeindiawork.in/public/read_message.jsp?tsp=16685797801...","added on Nov 16th 2022 6:56 AM by silverhawk INVALID Offline"
"7943820","https://www.google.com/search?q=zunefi","added on Nov 15th 2022 8:03 PM by IsmaelParkes INVALID Offline"
"7941430","https://www.officences.com/aus/4c5eaff7-0ebd-43e9-8a12-5c904631af29/27...","added on Nov 15th 2022 7:18 AM by squiddy INVALID Offline"
"7938952","https://integer.com/","added on Nov 13th 2022 3:45 PM by hostingabuse INVALID Offline"
"7937481","https://www.google.com/search?q=vocaxituto","added on Nov 11th 2022 3:10 PM by NialCottrell INVALID Offline"
"7930874","https://chrome.google.com/webstore/detail/excel-online/iljnkagajgfdmfn...","added on Nov 10th 2022 9:32 PM by balomish INVALID Offline"
"7926151","https://gala-games.softonic.com/","added on Nov 8th 2022 5:27 PM by Felix0101 INVALID Offline"
"7925697","http://machadomeyer.com.admin-mcas-df.ms/","added on Nov 8th 2022 11:32 AM by MacaulyDorsey INVALID Offline"
"7925643","https://pl.makeyourbabyhappy.com/campaign_343.html?coyoteAffiliTokenId...","added on Nov 8th 2022 8:45 AM by CERTPKOBP INVALID Offline"
"7923490","https://www.google.com/search?q=wuguja","added on Nov 5th 2022 9:17 PM by MacaulyDorsey INVALID Offline"
"7922812","https://en.wikipedia.org/wiki/Artificial_intelligence...","added on Nov 4th 2022 8:30 PM by GovCERTCH INVALID Offline"
"7919144","https://www.olx.pl/oferty/uzytkownik/2crEz/","added on Nov 4th 2022 9:42 AM by CSIRTKNF INVALID Offline"
"7913127","https://www.google.com/search?q=yacepoheje","added on Nov 2nd 2022 3:51 PM by NialCottrell INVALID Offline"
"7913123","https://www.google.com/search?q=lhoxa","added on Nov 2nd 2022 3:51 PM by NialCottrell INVALID Offline"
"7907249","https://www.mlive.com/","added on Oct 31st 2022 7:53 PM by phishb8 INVALID Offline"
"7906786","https://www.google.com/search?q=ruruhenibu","added on Oct 31st 2022 11:48 AM by NialCottrell INVALID Offline"
"7906771","https://netbank.takarekbank.hu/eib_ib_S5/loginpage.hu.html...","added on Oct 31st 2022 11:23 AM by bbfmo2019 INVALID Offline"
"7906199","https://mail.terra.com.br/","added on Oct 30th 2022 2:23 PM by drcannabis INVALID Offline"
"7904901","https://threatcenter.crdf.fr/submit_url.html","added on Oct 28th 2022 4:06 PM by magd INVALID Offline"
"7904871","https://www.google.com/search?q=cissolhu","added on Oct 28th 2022 3:35 PM by IsmaelParkes INVALID Offline"
"7891660","https://www.google.com.au/","added on Oct 25th 2022 9:37 PM by phishnabber INVALID Offline"
"7888387","https://www.google.com/search?q=hano","added on Oct 24th 2022 4:19 PM by NialCottrell INVALID Offline"
"7888217","https://www.google.com/search?q=wiquulho","added on Oct 24th 2022 3:49 PM by NialCottrell INVALID Offline"
"7887271","http://bancociudad.com.ar.admin-mcas-df.ms","added on Oct 24th 2022 1:17 PM by MacaulyDorsey INVALID Offline"
"7887200","https://servicecu.org/","added on Oct 24th 2022 1:07 PM by shershkop INVALID Offline"
"7884295","http://pexiptmc-au.teams.optus.com.au","added on Oct 23rd 2022 10:52 PM by optusabuse INVALID Offline"
"7866688","https://mijnzakelijk.ing.nl/login/","added on Oct 20th 2022 12:35 PM by jpluim INVALID Offline"
"7866450","https://urlscan.io/result/0b1b0d98-14c4-4175-8465-d8e3de598fa0/...","added on Oct 20th 2022 11:34 AM by CSIRTCGD INVALID Offline"
"7863950","https://www.itau.com.py/","added on Oct 19th 2022 3:00 PM by ShinobiPhish INVALID Offline"
"7861493","https://wikileaks.org/","added on Oct 19th 2022 1:34 AM by CERTPKOBP INVALID Offline"
"7851308","https://bcohio.gov.admin-mcas-df.ms","added on Oct 17th 2022 9:19 PM by legalintsights INVALID Offline"
"7850542","https://agent1.xyz/mint","added on Oct 17th 2022 6:24 AM by r3gersec INVALID Offline"
"7844584","https://app.enchanter.fi/","added on Oct 15th 2022 1:22 PM by Felix0101 INVALID Offline"
"7836985","https://www.google.com/search?q=nemaco","added on Oct 15th 2022 12:47 AM by NialCottrell INVALID Offline"
"7836979","https://urlscan.io/result/a0823ed2-9fea-441c-b54e-2afca7f163bf/...","added on Oct 14th 2022 11:58 PM by CSIRTCGD INVALID Offline"
"7831682","https://urlscan.io/result/a56e0b91-3285-4a28-8e5a-c179a2b0ecea/...","added on Oct 14th 2022 4:22 AM by CSIRTCGD INVALID Offline"
"7829390","https://www.google.com/search?q=juquoduje","added on Oct 13th 2022 5:51 PM by NialCottrell INVALID Offline"
"7829055","https://www.google.com/url?sa=t","added on Oct 13th 2022 1:14 PM by mely INVALID Offline"
"7822061","https://www.finanzen.net/online-broker-vergleich/dkb...","added on Oct 12th 2022 3:30 PM by n0x6fb0x6fdy INVALID Offline"
"7821665","https://www.prizegives.com/aus/83fc8c73-4a86-4c88-bc14-4208d6cedaf2/ea...","added on Oct 12th 2022 9:26 AM by squiddy INVALID Offline"
"7820779","https://www.google.com/search?q=cevi","added on Oct 11th 2022 2:42 PM by drcannabis INVALID Offline"
"7820758","https://www.google.com/search?q=kuzaga","added on Oct 11th 2022 2:29 PM by MacaulyDorsey INVALID Offline"
"7820756","https://www.google.com/search?q=penhaveme","added on Oct 11th 2022 2:28 PM by MacaulyDorsey INVALID Offline"
"7820208","https://www.dengie.com/","added on Oct 10th 2022 9:51 PM by Josecitosgirl INVALID Offline"
"7820207","http://www.dengie.com","added on Oct 10th 2022 9:51 PM by Josecitosgirl INVALID Offline"
"7819917","https://hex.tech/","added on Oct 10th 2022 4:12 PM by Felix0101 INVALID Offline"
"7819914","https://46c7829bbb3b4907a075841dd98a883d.v1.radwarecloud.net/?version=...","added on Oct 10th 2022 4:08 PM by soclatam INVALID Offline"
"7816221","https://privatebin.net/?0279a188afe8a819#FMALeYDTMPuzSRhMckiZdHRiiLRUw...","added on Oct 9th 2022 7:28 AM by bagasme INVALID Offline"
"7815439","https://tabby.ai/en-AE","added on Oct 7th 2022 10:47 PM by techesq INVALID Offline"
"7813517","https://www.e-access.att.com/corpcomm/assets/email/NetBenefits_Pension...","added on Oct 6th 2022 6:56 PM by prodigyabuse INVALID Offline"
"7812726","https://passwordreset.microsoftonline.com/passwordreset#!/...","added on Oct 6th 2022 3:54 AM by vmb INVALID Offline"
"7812690","https://href.li/?https://en.wikipedia.org/wiki/Internet_Explorer_11...","added on Oct 6th 2022 1:13 AM by wopwop INVALID Offline"
"7812413","https://recarga.nequi.com.co/bdigitalpsl/#!/","added on Oct 5th 2022 5:15 PM by diegoddgm INVALID Offline"
"7812377","https://bigkyiv.com.ua/feed/","added on Oct 5th 2022 4:04 PM by maksimilianov INVALID Offline"
"7812375","https://ojo.pe/","added on Oct 5th 2022 3:55 PM by voldemor INVALID Offline"
"7812359","http://bigkyiv.com.ua","added on Oct 5th 2022 3:39 PM by maksimhomen33 INVALID Offline"
"7812356","https://www.bigkyiv.com.ua","added on Oct 5th 2022 3:38 PM by maksimhomen33 INVALID Offline"
"7812355","https://www.bigkyiv.com.ua/","added on Oct 5th 2022 3:37 PM by maksimhomen33 INVALID Offline"
"7812278","https://login.paypay-bank.co.jp/wctx/LoginAction.do...","added on Oct 5th 2022 2:40 PM by prodigyabuse INVALID Offline"
"7812251","https://bigkyiv.com.ua/pid-kyyevom-pochaly-budivnycztvo-pryamo-u-lisi-...","added on Oct 5th 2022 2:32 PM by stivjobs1 INVALID Offline"
"7812238","https://bigkyiv.com.ua/","added on Oct 5th 2022 2:24 PM by stivjobs1 INVALID Offline"
"7812129","https://www.google.com/search?q=lolhuxino","added on Oct 5th 2022 12:31 PM by NialCottrell INVALID Offline"
"7811990","https://46c7829bbb3b4907a075841dd98a883d.v1.radwarecloud.net/...","added on Oct 5th 2022 10:38 AM by soclatam INVALID Offline"
"7811080","https://nike.todocartoes.com.br/","added on Oct 4th 2022 2:55 PM by CharisDickinson INVALID Offline"
"7809557","https://api.whatsapp.com/send?phone=5511975550116...","added on Oct 3rd 2022 8:09 PM by MarianMyers INVALID Offline"
"7808892","https://zalando-cuca.okta.com/app/zalando-cuca_zcare_8/exkwtsc51C00PET...","added on Oct 3rd 2022 7:56 AM by GovCERTCH INVALID Offline"
"7808870","https://www.dbs.com.sg/personal/support/home.html?pid=sg-dbs-pweb-head...","added on Oct 3rd 2022 7:06 AM by WilliamSeah INVALID Offline"
"7808643","https://www.sbloan88.com/","added on Oct 2nd 2022 8:38 PM by Felix0101 INVALID Offline"
"7805473","https://www.mexc.com/landings/TameTheArk?handleDefaultLocale=keep&...","added on Oct 1st 2022 5:40 AM by Felix0101 INVALID Offline"
"7801815","https://krebsonsecurity.com/2020/06/privnotes-com-is-phishing-bitcoin-...","added on Sep 30th 2022 12:52 PM by HasnatUlHassan INVALID Offline"
"7800211","https://www.google.com/search?q=yigubo","added on Sep 29th 2022 6:23 PM by MarianMyers INVALID Offline"
"7799797","https://href.li/?https://","added on Sep 29th 2022 12:20 PM by D3Lab INVALID Offline"
"7799777","http://novadax.com.admin-mcas-df.ms","added on Sep 29th 2022 12:12 PM by NialCottrell INVALID Offline"
"7794743","https://www.google.com/search?q=nhizobojumu","added on Sep 29th 2022 1:18 AM by IsmaelParkes INVALID Offline"
"7793112","https://www.lionic.com","added on Sep 28th 2022 12:06 PM by bikinistore INVALID Offline"
"7790451","https://bancaweb.pichincha.com/pichincha/login...","added on Sep 26th 2022 7:58 PM by voldemor INVALID Offline"
"7789703","http://ssp.delta.com/content/dam/delta-www/sorry-server/delta_sorry.ht...","added on Sep 26th 2022 3:19 AM by JustaPerson INVALID Offline"
"7789269","https://discord.com/invite/the-otherside","added on Sep 25th 2022 8:43 AM by Felix0101 INVALID Offline"
"7789256","https://launchpad.seedify.fund/","added on Sep 25th 2022 7:25 AM by Felix0101 INVALID Offline"
"7787311","https://www.google.com/search?q=ssekurru","added on Sep 23rd 2022 6:50 PM by CharisDickinson INVALID Offline"
"7787306","https://www.google.com/search?q=kamoceze","added on Sep 23rd 2022 6:36 PM by IsmaelParkes INVALID Offline"
"7782218","https://dbs-pbtpc.redboxgifts.com.sg/login","added on Sep 20th 2022 3:46 PM by WilliamSeah INVALID Offline"
"7781204","https://www.kldiscovery.com/","added on Sep 19th 2022 3:50 PM by r3gersec INVALID Offline"
"7776682","https://www.google.com/search?q=bepoxi","added on Sep 17th 2022 8:07 PM by IsmaelParkes INVALID Offline"
"7776671","https://www.google.com/search?q=warri","added on Sep 17th 2022 7:53 PM by MarianMyers INVALID Offline"
"7776669","https://www.google.com/search?q=quovohechuci","added on Sep 17th 2022 7:52 PM by MacaulyDorsey INVALID Offline"
"7774571","https://privnote.com/#","added on Sep 16th 2022 5:34 PM by Gauravjoshithehacker INVALID Offline"
"7774568","https://privnote.com/info/contact","added on Sep 16th 2022 5:31 PM by lichnguyen INVALID Offline"
"7774567","https://privnote.com/?","added on Sep 16th 2022 5:27 PM by Svayam INVALID Offline"
"7774341","https://privnote.com//","added on Sep 16th 2022 11:47 AM by monster123 INVALID Offline"
"7769924","https://paperform.co/","added on Sep 15th 2022 4:57 PM by secopspishing INVALID Offline"
"7766326","https://asapexpressit.com/login","added on Sep 14th 2022 4:48 PM by MarianMyers INVALID Offline"
"7762564","https://una.org.uk/","added on Sep 14th 2022 8:18 AM by bagasme INVALID Offline"
"7762563","http://www.una.org.uk/","added on Sep 14th 2022 8:18 AM by bagasme INVALID Offline"
"7759258","https://api.whatsapp.com/send/?phone=","added on Sep 13th 2022 10:53 PM by KellanMaxwell INVALID Offline"
"7756709","https://dias.bank.truist.com/ui/login","added on Sep 13th 2022 2:59 PM by sstaskiewicz INVALID Offline"
"7750501","https://cse-syneoshealth.opence.fr/","added on Sep 12th 2022 9:55 PM by r3gersec INVALID Offline"
"7750423","https://www.vivo.com.br/para-voce/app-vivo","added on Sep 12th 2022 6:48 PM by henrique76 INVALID Offline"
"7750419","https://www.google.com/search?q=jofini","added on Sep 12th 2022 6:37 PM by NialCottrell INVALID Offline"
"7750270","https://www.google.com/search?q=ratome","added on Sep 12th 2022 3:34 PM by NialCottrell INVALID Offline"
"7749721","https://xhamster.com/videos/pyaasi-bhabi-ki-mast-chudai-full-movie-xhU...","added on Sep 12th 2022 3:25 AM by phishnabber INVALID Offline"
"7746712","https://www.google.com/search?q=lhurrissi","added on Sep 11th 2022 6:26 PM by MacaulyDorsey INVALID Offline"
"7746709","https://www.google.com/search?q=baxe","added on Sep 11th 2022 6:22 PM by NialCottrell INVALID Offline"
"7745372","https://www.rimac.com/","added on Sep 10th 2022 6:38 PM by voldemor INVALID Offline"
"7745350","https://snusbase.com","added on Sep 10th 2022 5:44 PM by thelavip4 INVALID Offline"
"7745345","https://dehashed.com","added on Sep 10th 2022 5:40 PM by thelavip4 INVALID Offline"
"7739042","https://www.google.com/search?q=hossosurru","added on Sep 8th 2022 6:07 PM by MacaulyDorsey INVALID Offline"
"7738436","https://www.google.com/search?q=rubodave","added on Sep 8th 2022 2:00 PM by NialCottrell INVALID Offline"
"7736262","https://sedo.com/search/details/?domain=inpost-pl-my-id2g3ys.oferta.us...","added on Sep 8th 2022 6:18 AM by CSIRTKNF INVALID Offline"
"7735378","https://bolsasegurarealizesolucoesfinanceiras.svamarket.com.br/...","added on Sep 7th 2022 11:33 PM by NialCottrell INVALID Offline"
"7735377","http://bolsasegurarealizesolucoesfinanceiras.grupo.biz...","added on Sep 7th 2022 11:33 PM by NialCottrell INVALID Offline"
"7733541","https://www.twojakarta.pl/wniosek-online/","added on Sep 6th 2022 6:21 PM by CERTPKOBP INVALID Offline"
"7733514","https://interbank.pe/solicitar/tarjeta/extracash/inicio...","added on Sep 6th 2022 6:03 PM by voldemor INVALID Offline"
"7733304","https://www.google.com/search?q=lhozudono","added on Sep 6th 2022 2:45 PM by NialCottrell INVALID Offline"
"7726674","https://avangardayz.ru/store","added on Sep 4th 2022 7:38 AM by Felix0101 INVALID Offline"
"7726431","https://www.google.com/search?q=rrutihumume","added on Sep 3rd 2022 6:54 PM by MacaulyDorsey INVALID Offline"
"7726413","https://www.google.com/search?q=cezeyirru","added on Sep 3rd 2022 6:39 PM by NialCottrell INVALID Offline"
"7726283","https://lichess.org/","added on Sep 3rd 2022 3:28 PM by Felix0101 INVALID Offline"
"7725778","https://www.match.com/crm/notifications?crmToken=ek9oZVpsL2RYeXNSYTZja...","added on Sep 3rd 2022 1:35 AM by bagasme INVALID Offline"
"7725777","http://www.match.com/deeplink/managenotifications?crmToken=ek9oZVpsL2R...","added on Sep 3rd 2022 1:35 AM by bagasme INVALID Offline"
"7725399","https://href.li/?https://www.google.com/search?q=usps+tracking...","added on Sep 2nd 2022 5:01 PM by mi7chy INVALID Offline"
"7724730","https://www.google.com/search?q=wurri","added on Sep 1st 2022 10:32 PM by NialCottrell INVALID Offline"
"7724723","https://www.google.com/search?q=manhewa","added on Sep 1st 2022 10:29 PM by NialCottrell INVALID Offline"
"7724271","https://www.google.com/search?q=kixuxira","added on Sep 1st 2022 4:59 PM by MarianMyers INVALID Offline"
"7724268","https://www.google.com/search?q=lhojelhaxoki","added on Sep 1st 2022 4:59 PM by NialCottrell INVALID Offline"
"7720321","https://bolsonaro.com.br/neofascismo","added on Aug 31st 2022 4:54 PM by drcannabis INVALID Offline"
"7719979","https://www.dbs.com.sg/personal/deposits/default.page...","added on Aug 31st 2022 1:18 PM by WilliamSeah INVALID Offline"
"7719536","https://rbs-bautenschutz.de/","added on Aug 31st 2022 1:49 AM by sunnyc0713 INVALID Offline"
"7718851","https://www.debahlk.com/","added on Aug 30th 2022 5:15 PM by Felix0101 INVALID Offline"
"7718216","https://www.albemarle.com/","added on Aug 30th 2022 7:12 AM by r3gersec INVALID Offline"
"7718209","https://www.antai.gouv.fr/","added on Aug 30th 2022 7:06 AM by Nameshield INVALID Offline"
"7718033","https://elcomercio.pe/","added on Aug 30th 2022 12:35 AM by voldemor INVALID Offline"
"7717324","https://lookyloo.circl.lu/tree/0c69cd5f-be6d-45ae-9cf0-3a14a06340a0...","added on Aug 29th 2022 12:27 PM by CSIRTCGD INVALID Offline"
"7717280","https://urlscan.io/result/6c951a95-db2e-41de-abf2-45bbb9114404/...","added on Aug 29th 2022 11:21 AM by CSIRTCGD INVALID Offline"
"7708586","https://blog.s.id/post/2022/05/25/oops-the-link-you-accessed-is-not-fo...","added on Aug 28th 2022 10:05 AM by BPhy INVALID Offline"
"7702395","https://www.skrill.com/en-us/","added on Aug 27th 2022 12:07 PM by CERTPKOBP INVALID Offline"
"7701854","https://www.sky.com/","added on Aug 27th 2022 9:36 AM by MrT2000 INVALID Offline"
"7696400","https://urlscan.io/result/5b500b54-6fb7-46b5-9540-69771df1fff6/...","added on Aug 26th 2022 8:40 AM by CSIRTCGD INVALID Offline"
"7693939","https://mxtoolbox.com/Public/Tools/EmailHeaders.aspx?huid=9a8d1dfa-06f...","added on Aug 25th 2022 6:51 PM by CSIRTCGD INVALID Offline"
"7693804","https://www.google.com/search?q=peyuni","added on Aug 25th 2022 4:34 PM by MarianMyers INVALID Offline"
